index,metric_name,metric_type,group_id,group_name
0,numStats,12,0,stats
1,fiber.bytes,12,1,libruntime
2,fibers.inUse,12,1,libruntime
3,fibers.inCache,12,1,libruntime
4,fibers.deleted,12,1,libruntime
5,fiber.allocFails,12,1,libruntime
6,fiberCache.hits,12,1,libruntime
7,fiberCache.misses,12,1,libruntime
8,schedObj.makeRunnableFails,12,1,libruntime
9,threads.joinable,12,1,libruntime
10,handles.active,12,2,callout
11,handles.maxActiveReached,12,2,callout
12,deferred,12,2,callout
13,cancelWaitTime.average.numeratorMs,12,2,callout
14,cancelWaitTime.average.denominatorMs,12,2,callout
15,elemSizeBytes,12,3,callout.dispatch.bc
16,fastAllocs,12,3,callout.dispatch.bc
17,fastFrees,12,3,callout.dispatch.bc
18,slowAllocs,12,3,callout.dispatch.bc
19,slowFrees,12,3,callout.dispatch.bc
20,totMemBytes,12,3,callout.dispatch.bc
21,mlockChunk,12,3,callout.dispatch.bc
22,mlockChunkFailure,12,3,callout.dispatch.bc
23,elemSizeBytes,12,4,archiveManifest.bc
24,fastAllocs,12,4,archiveManifest.bc
25,fastFrees,12,4,archiveManifest.bc
26,slowAllocs,12,4,archiveManifest.bc
27,slowFrees,12,4,archiveManifest.bc
28,totMemBytes,12,4,archiveManifest.bc
29,mlockChunk,12,4,archiveManifest.bc
30,mlockChunkFailure,12,4,archiveManifest.bc
31,elemSizeBytes,12,5,archiveFile.bc
32,fastAllocs,12,5,archiveFile.bc
33,fastFrees,12,5,archiveFile.bc
34,slowAllocs,12,5,archiveFile.bc
35,slowFrees,12,5,archiveFile.bc
36,totMemBytes,12,5,archiveFile.bc
37,mlockChunk,12,5,archiveFile.bc
38,mlockChunkFailure,12,5,archiveFile.bc
39,objects.published,12,6,namespace
40,objects.removed,12,6,namespace
41,objects.updated,12,6,namespace
42,objects.lookedup,12,6,namespace
43,objects.opened,12,6,namespace
44,objects.closed,12,6,namespace
45,stream.count,12,6,namespace
46,stream.bytes,12,6,namespace
47,stream.blob.count,12,6,namespace
48,stream.blob.bytes,12,6,namespace
49,loadDs,10,7,libusrnode
50,elemSizeBytes,12,8,uk.msg.immed.recv.bc
51,fastAllocs,12,8,uk.msg.immed.recv.bc
52,fastFrees,12,8,uk.msg.immed.recv.bc
53,slowAllocs,12,8,uk.msg.immed.recv.bc
54,slowFrees,12,8,uk.msg.immed.recv.bc
55,totMemBytes,12,8,uk.msg.immed.recv.bc
56,mlockChunk,12,8,uk.msg.immed.recv.bc
57,mlockChunkFailure,12,8,uk.msg.immed.recv.bc
58,elemSizeBytes,12,9,uk.msg.normal.bc
59,fastAllocs,12,9,uk.msg.normal.bc
60,fastFrees,12,9,uk.msg.normal.bc
61,slowAllocs,12,9,uk.msg.normal.bc
62,slowFrees,12,9,uk.msg.normal.bc
63,totMemBytes,12,9,uk.msg.normal.bc
64,mlockChunk,12,9,uk.msg.normal.bc
65,mlockChunkFailure,12,9,uk.msg.normal.bc
66,elemSizeBytes,12,10,uk.msg.alt.bc
67,fastAllocs,12,10,uk.msg.alt.bc
68,fastFrees,12,10,uk.msg.alt.bc
69,slowAllocs,12,10,uk.msg.alt.bc
70,slowFrees,12,10,uk.msg.alt.bc
71,totMemBytes,12,10,uk.msg.alt.bc
72,mlockChunk,12,10,uk.msg.alt.bc
73,mlockChunkFailure,12,10,uk.msg.alt.bc
74,elemSizeBytes,12,11,uk.msg.atomic64.bc
75,fastAllocs,12,11,uk.msg.atomic64.bc
76,fastFrees,12,11,uk.msg.atomic64.bc
77,slowAllocs,12,11,uk.msg.atomic64.bc
78,slowFrees,12,11,uk.msg.atomic64.bc
79,totMemBytes,12,11,uk.msg.atomic64.bc
80,mlockChunk,12,11,uk.msg.atomic64.bc
81,mlockChunkFailure,12,11,uk.msg.atomic64.bc
82,statCumlRecdMessages,12,12,uk.msg
83,statCumlRecdMessagesErr,12,12,uk.msg
84,statCumlRecdImmedMessagesNoThread,12,12,uk.msg
85,outOfMessages,12,12,uk.msg
86,outOfPayload,12,12,uk.msg
87,bigMessages,12,12,uk.msg
88,messages.sent.succeeded,12,12,uk.msg
89,messages.sent.failed,12,12,uk.msg
90,outOfTwoPcCmdsStat,12,12,uk.msg
91,outOfTwoPcCmdsCumWaitUsec,12,12,uk.msg
92,acksScheduled,12,12,uk.msg
93,acksDoneInline,12,12,uk.msg
94,outOfFiberSched,12,12,uk.msg
95,outOfFiberSchedFsmTransportPage,12,12,uk.msg
96,outOfFiberSchedMessageObject,12,12,uk.msg
97,resourceLevelLow,12,12,uk.msg
98,elemSizeBytes,12,13,uk.msg.twoPcPages.bc
99,fastAllocs,12,13,uk.msg.twoPcPages.bc
100,fastFrees,12,13,uk.msg.twoPcPages.bc
101,slowAllocs,12,13,uk.msg.twoPcPages.bc
102,slowFrees,12,13,uk.msg.twoPcPages.bc
103,totMemBytes,12,13,uk.msg.twoPcPages.bc
104,mlockChunk,12,13,uk.msg.twoPcPages.bc
105,mlockChunkFailure,12,13,uk.msg.twoPcPages.bc
106,elemSizeBytes,12,14,uk.sched.object.bc
107,fastAllocs,12,14,uk.sched.object.bc
108,fastFrees,12,14,uk.sched.object.bc
109,slowAllocs,12,14,uk.sched.object.bc
110,slowFrees,12,14,uk.sched.object.bc
111,totMemBytes,12,14,uk.sched.object.bc
112,mlockChunk,12,14,uk.sched.object.bc
113,mlockChunkFailure,12,14,uk.sched.object.bc
114,schedObjectsExhausted,12,15,uk.sched.message
115,schedObjectsActive,12,15,uk.sched.message
116,ResulSetNext,10,16,uk.msgNumInvocationsCount
117,GetDataUsingFtptr,10,16,uk.msgNumInvocationsCount
118,RPCStats,10,16,uk.msgNumInvocationsCount
119,MakeResultSet,10,16,uk.msgNumInvocationsCount
120,Filter,10,16,uk.msgNumInvocationsCount
121,GroupBy,10,16,uk.msgNumInvocationsCount
122,Join,10,16,uk.msgNumInvocationsCount
123,GetTableMeta,10,16,uk.msgNumInvocationsCount
124,ResultSetAbsoluteRow,10,16,uk.msgNumInvocationsCount
125,FreeResultSet,10,16,uk.msgNumInvocationsCount
126,RPCResetStats,10,16,uk.msgNumInvocationsCount
127,TableCreate,10,16,uk.msgNumInvocationsCount
128,Synthesize,10,16,uk.msgNumInvocationsCount
129,GetStatGroupMap,10,16,uk.msgNumInvocationsCount
130,GetKeysUsingFtptr,10,16,uk.msgNumInvocationsCount
131,Map,10,16,uk.msgNumInvocationsCount
132,Union,10,16,uk.msgNumInvocationsCount
133,Msg2pcXcalarApiTop,10,16,uk.msgNumInvocationsCount
134,XDFParallelOperation,10,16,uk.msgNumInvocationsCount
135,Project,10,16,uk.msgNumInvocationsCount
136,DropTable,10,16,uk.msgNumInvocationsCount
137,DeserializeXdbPages,10,16,uk.msgNumInvocationsCount
138,GetBatchDFGState,10,16,uk.msgNumInvocationsCount
139,TableCreationCompletion,10,16,uk.msgNumInvocationsCount
140,ResolveKeyType,10,16,uk.msgNumInvocationsCount
141,FunctionalTest,10,16,uk.msgNumInvocationsCount
142,CreateScalarTableForExport,10,16,uk.msgNumInvocationsCount
143,ExportTable,10,16,uk.msgNumInvocationsCount
144,Multi-nodeOperationBarrier,10,16,uk.msgNumInvocationsCount
145,AggregateEvaluation,10,16,uk.msgNumInvocationsCount
146,TestFunction1Immediate,10,16,uk.msgNumInvocationsCount
147,TestFunction1NormalProcessing,10,16,uk.msgNumInvocationsCount
148,TestFunctionStressImmediate,10,16,uk.msgNumInvocationsCount
149,TestFunctionStressNormalProcessing,10,16,uk.msgNumInvocationsCount
150,TestBlobStreamer,10,16,uk.msgNumInvocationsCount
151,LibNs,10,16,uk.msgNumInvocationsCount
152,KvStoreUpdate,10,16,uk.msgNumInvocationsCount
153,RetinaTemplate,10,16,uk.msgNumInvocationsCount
154,Aggregate,10,16,uk.msgNumInvocationsCount
155,MessageStream,10,16,uk.msgNumInvocationsCount
156,GetRowNumber,10,16,uk.msgNumInvocationsCount
157,CancelOperation,10,16,uk.msgNumInvocationsCount
158,GetOperationStatus,10,16,uk.msgNumInvocationsCount
159,CancelBatchQuery,10,16,uk.msgNumInvocationsCount
160,DemystifyPage,10,16,uk.msgNumInvocationsCount
161,ProcessScalarPage,10,16,uk.msgNumInvocationsCount
162,IndexPage,10,16,uk.msgNumInvocationsCount
163,GVM2Broadcast,10,16,uk.msgNumInvocationsCount
164,SetConfig,10,16,uk.msgNumInvocationsCount
165,DeleteBatchQuery,10,16,uk.msgNumInvocationsCount
166,DatasetReference,10,16,uk.msgNumInvocationsCount
167,LogLevelSet,10,16,uk.msgNumInvocationsCount
168,DeserializeXdb,10,16,uk.msgNumInvocationsCount
169,SerializeXdb,10,16,uk.msgNumInvocationsCount
170,ResulSetNext,12,17,uk.msgNumCompletionsCount
171,GetDataUsingFtptr,12,17,uk.msgNumCompletionsCount
172,RPCStats,12,17,uk.msgNumCompletionsCount
173,MakeResultSet,12,17,uk.msgNumCompletionsCount
174,Filter,12,17,uk.msgNumCompletionsCount
175,GroupBy,12,17,uk.msgNumCompletionsCount
176,Join,12,17,uk.msgNumCompletionsCount
177,GetTableMeta,12,17,uk.msgNumCompletionsCount
178,ResultSetAbsoluteRow,12,17,uk.msgNumCompletionsCount
179,FreeResultSet,12,17,uk.msgNumCompletionsCount
180,RPCResetStats,12,17,uk.msgNumCompletionsCount
181,TableCreate,12,17,uk.msgNumCompletionsCount
182,Synthesize,12,17,uk.msgNumCompletionsCount
183,GetStatGroupMap,12,17,uk.msgNumCompletionsCount
184,GetKeysUsingFtptr,12,17,uk.msgNumCompletionsCount
185,Map,12,17,uk.msgNumCompletionsCount
186,Union,12,17,uk.msgNumCompletionsCount
187,Msg2pcXcalarApiTop,12,17,uk.msgNumCompletionsCount
188,XDFParallelOperation,12,17,uk.msgNumCompletionsCount
189,Project,12,17,uk.msgNumCompletionsCount
190,DropTable,12,17,uk.msgNumCompletionsCount
191,DeserializeXdbPages,12,17,uk.msgNumCompletionsCount
192,GetBatchDFGState,12,17,uk.msgNumCompletionsCount
193,TableCreationCompletion,12,17,uk.msgNumCompletionsCount
194,ResolveKeyType,12,17,uk.msgNumCompletionsCount
195,FunctionalTest,12,17,uk.msgNumCompletionsCount
196,CreateScalarTableForExport,12,17,uk.msgNumCompletionsCount
197,ExportTable,12,17,uk.msgNumCompletionsCount
198,Multi-nodeOperationBarrier,12,17,uk.msgNumCompletionsCount
199,AggregateEvaluation,12,17,uk.msgNumCompletionsCount
200,TestFunction1Immediate,12,17,uk.msgNumCompletionsCount
201,TestFunction1NormalProcessing,12,17,uk.msgNumCompletionsCount
202,TestFunctionStressImmediate,12,17,uk.msgNumCompletionsCount
203,TestFunctionStressNormalProcessing,12,17,uk.msgNumCompletionsCount
204,TestBlobStreamer,12,17,uk.msgNumCompletionsCount
205,LibNs,12,17,uk.msgNumCompletionsCount
206,KvStoreUpdate,12,17,uk.msgNumCompletionsCount
207,RetinaTemplate,12,17,uk.msgNumCompletionsCount
208,Aggregate,12,17,uk.msgNumCompletionsCount
209,MessageStream,12,17,uk.msgNumCompletionsCount
210,GetRowNumber,12,17,uk.msgNumCompletionsCount
211,CancelOperation,12,17,uk.msgNumCompletionsCount
212,GetOperationStatus,12,17,uk.msgNumCompletionsCount
213,CancelBatchQuery,12,17,uk.msgNumCompletionsCount
214,DemystifyPage,12,17,uk.msgNumCompletionsCount
215,ProcessScalarPage,12,17,uk.msgNumCompletionsCount
216,IndexPage,12,17,uk.msgNumCompletionsCount
217,GVM2Broadcast,12,17,uk.msgNumCompletionsCount
218,SetConfig,12,17,uk.msgNumCompletionsCount
219,DeleteBatchQuery,12,17,uk.msgNumCompletionsCount
220,DatasetReference,12,17,uk.msgNumCompletionsCount
221,LogLevelSet,12,17,uk.msgNumCompletionsCount
222,DeserializeXdb,12,17,uk.msgNumCompletionsCount
223,SerializeXdb,12,17,uk.msgNumCompletionsCount
224,ResulSetNext,12,18,uk.msgNumErrorsCount
225,GetDataUsingFtptr,12,18,uk.msgNumErrorsCount
226,RPCStats,12,18,uk.msgNumErrorsCount
227,MakeResultSet,12,18,uk.msgNumErrorsCount
228,Filter,12,18,uk.msgNumErrorsCount
229,GroupBy,12,18,uk.msgNumErrorsCount
230,Join,12,18,uk.msgNumErrorsCount
231,GetTableMeta,12,18,uk.msgNumErrorsCount
232,ResultSetAbsoluteRow,12,18,uk.msgNumErrorsCount
233,FreeResultSet,12,18,uk.msgNumErrorsCount
234,RPCResetStats,12,18,uk.msgNumErrorsCount
235,TableCreate,12,18,uk.msgNumErrorsCount
236,Synthesize,12,18,uk.msgNumErrorsCount
237,GetStatGroupMap,12,18,uk.msgNumErrorsCount
238,GetKeysUsingFtptr,12,18,uk.msgNumErrorsCount
239,Map,12,18,uk.msgNumErrorsCount
240,Union,12,18,uk.msgNumErrorsCount
241,Msg2pcXcalarApiTop,12,18,uk.msgNumErrorsCount
242,XDFParallelOperation,12,18,uk.msgNumErrorsCount
243,Project,12,18,uk.msgNumErrorsCount
244,DropTable,12,18,uk.msgNumErrorsCount
245,DeserializeXdbPages,12,18,uk.msgNumErrorsCount
246,GetBatchDFGState,12,18,uk.msgNumErrorsCount
247,TableCreationCompletion,12,18,uk.msgNumErrorsCount
248,ResolveKeyType,12,18,uk.msgNumErrorsCount
249,FunctionalTest,12,18,uk.msgNumErrorsCount
250,CreateScalarTableForExport,12,18,uk.msgNumErrorsCount
251,ExportTable,12,18,uk.msgNumErrorsCount
252,Multi-nodeOperationBarrier,12,18,uk.msgNumErrorsCount
253,AggregateEvaluation,12,18,uk.msgNumErrorsCount
254,TestFunction1Immediate,12,18,uk.msgNumErrorsCount
255,TestFunction1NormalProcessing,12,18,uk.msgNumErrorsCount
256,TestFunctionStressImmediate,12,18,uk.msgNumErrorsCount
257,TestFunctionStressNormalProcessing,12,18,uk.msgNumErrorsCount
258,TestBlobStreamer,12,18,uk.msgNumErrorsCount
259,LibNs,12,18,uk.msgNumErrorsCount
260,KvStoreUpdate,12,18,uk.msgNumErrorsCount
261,RetinaTemplate,12,18,uk.msgNumErrorsCount
262,Aggregate,12,18,uk.msgNumErrorsCount
263,MessageStream,12,18,uk.msgNumErrorsCount
264,GetRowNumber,12,18,uk.msgNumErrorsCount
265,CancelOperation,12,18,uk.msgNumErrorsCount
266,GetOperationStatus,12,18,uk.msgNumErrorsCount
267,CancelBatchQuery,12,18,uk.msgNumErrorsCount
268,DemystifyPage,12,18,uk.msgNumErrorsCount
269,ProcessScalarPage,12,18,uk.msgNumErrorsCount
270,IndexPage,12,18,uk.msgNumErrorsCount
271,GVM2Broadcast,12,18,uk.msgNumErrorsCount
272,SetConfig,12,18,uk.msgNumErrorsCount
273,DeleteBatchQuery,12,18,uk.msgNumErrorsCount
274,DatasetReference,12,18,uk.msgNumErrorsCount
275,LogLevelSet,12,18,uk.msgNumErrorsCount
276,DeserializeXdb,12,18,uk.msgNumErrorsCount
277,SerializeXdb,12,18,uk.msgNumErrorsCount
278,ResulSetNext,12,19,uk.msgRemoteInvocationsCount
279,GetDataUsingFtptr,12,19,uk.msgRemoteInvocationsCount
280,RPCStats,12,19,uk.msgRemoteInvocationsCount
281,MakeResultSet,12,19,uk.msgRemoteInvocationsCount
282,Filter,12,19,uk.msgRemoteInvocationsCount
283,GroupBy,12,19,uk.msgRemoteInvocationsCount
284,Join,12,19,uk.msgRemoteInvocationsCount
285,GetTableMeta,12,19,uk.msgRemoteInvocationsCount
286,ResultSetAbsoluteRow,12,19,uk.msgRemoteInvocationsCount
287,FreeResultSet,12,19,uk.msgRemoteInvocationsCount
288,RPCResetStats,12,19,uk.msgRemoteInvocationsCount
289,TableCreate,12,19,uk.msgRemoteInvocationsCount
290,Synthesize,12,19,uk.msgRemoteInvocationsCount
291,GetStatGroupMap,12,19,uk.msgRemoteInvocationsCount
292,GetKeysUsingFtptr,12,19,uk.msgRemoteInvocationsCount
293,Map,12,19,uk.msgRemoteInvocationsCount
294,Union,12,19,uk.msgRemoteInvocationsCount
295,Msg2pcXcalarApiTop,12,19,uk.msgRemoteInvocationsCount
296,XDFParallelOperation,12,19,uk.msgRemoteInvocationsCount
297,Project,12,19,uk.msgRemoteInvocationsCount
298,DropTable,12,19,uk.msgRemoteInvocationsCount
299,DeserializeXdbPages,12,19,uk.msgRemoteInvocationsCount
300,GetBatchDFGState,12,19,uk.msgRemoteInvocationsCount
301,TableCreationCompletion,12,19,uk.msgRemoteInvocationsCount
302,ResolveKeyType,12,19,uk.msgRemoteInvocationsCount
303,FunctionalTest,12,19,uk.msgRemoteInvocationsCount
304,CreateScalarTableForExport,12,19,uk.msgRemoteInvocationsCount
305,ExportTable,12,19,uk.msgRemoteInvocationsCount
306,Multi-nodeOperationBarrier,12,19,uk.msgRemoteInvocationsCount
307,AggregateEvaluation,12,19,uk.msgRemoteInvocationsCount
308,TestFunction1Immediate,12,19,uk.msgRemoteInvocationsCount
309,TestFunction1NormalProcessing,12,19,uk.msgRemoteInvocationsCount
310,TestFunctionStressImmediate,12,19,uk.msgRemoteInvocationsCount
311,TestFunctionStressNormalProcessing,12,19,uk.msgRemoteInvocationsCount
312,TestBlobStreamer,12,19,uk.msgRemoteInvocationsCount
313,LibNs,12,19,uk.msgRemoteInvocationsCount
314,KvStoreUpdate,12,19,uk.msgRemoteInvocationsCount
315,RetinaTemplate,12,19,uk.msgRemoteInvocationsCount
316,Aggregate,12,19,uk.msgRemoteInvocationsCount
317,MessageStream,12,19,uk.msgRemoteInvocationsCount
318,GetRowNumber,12,19,uk.msgRemoteInvocationsCount
319,CancelOperation,12,19,uk.msgRemoteInvocationsCount
320,GetOperationStatus,12,19,uk.msgRemoteInvocationsCount
321,CancelBatchQuery,12,19,uk.msgRemoteInvocationsCount
322,DemystifyPage,12,19,uk.msgRemoteInvocationsCount
323,ProcessScalarPage,12,19,uk.msgRemoteInvocationsCount
324,IndexPage,12,19,uk.msgRemoteInvocationsCount
325,GVM2Broadcast,12,19,uk.msgRemoteInvocationsCount
326,SetConfig,12,19,uk.msgRemoteInvocationsCount
327,DeleteBatchQuery,12,19,uk.msgRemoteInvocationsCount
328,DatasetReference,12,19,uk.msgRemoteInvocationsCount
329,LogLevelSet,12,19,uk.msgRemoteInvocationsCount
330,DeserializeXdb,12,19,uk.msgRemoteInvocationsCount
331,SerializeXdb,12,19,uk.msgRemoteInvocationsCount
332,ResulSetNext,12,20,uk.msgRemoteFinishedCount
333,GetDataUsingFtptr,12,20,uk.msgRemoteFinishedCount
334,RPCStats,12,20,uk.msgRemoteFinishedCount
335,MakeResultSet,12,20,uk.msgRemoteFinishedCount
336,Filter,12,20,uk.msgRemoteFinishedCount
337,GroupBy,12,20,uk.msgRemoteFinishedCount
338,Join,12,20,uk.msgRemoteFinishedCount
339,GetTableMeta,12,20,uk.msgRemoteFinishedCount
340,ResultSetAbsoluteRow,12,20,uk.msgRemoteFinishedCount
341,FreeResultSet,12,20,uk.msgRemoteFinishedCount
342,RPCResetStats,12,20,uk.msgRemoteFinishedCount
343,TableCreate,12,20,uk.msgRemoteFinishedCount
344,Synthesize,12,20,uk.msgRemoteFinishedCount
345,GetStatGroupMap,12,20,uk.msgRemoteFinishedCount
346,GetKeysUsingFtptr,12,20,uk.msgRemoteFinishedCount
347,Map,12,20,uk.msgRemoteFinishedCount
348,Union,12,20,uk.msgRemoteFinishedCount
349,Msg2pcXcalarApiTop,12,20,uk.msgRemoteFinishedCount
350,XDFParallelOperation,12,20,uk.msgRemoteFinishedCount
351,Project,12,20,uk.msgRemoteFinishedCount
352,DropTable,12,20,uk.msgRemoteFinishedCount
353,DeserializeXdbPages,12,20,uk.msgRemoteFinishedCount
354,GetBatchDFGState,12,20,uk.msgRemoteFinishedCount
355,TableCreationCompletion,12,20,uk.msgRemoteFinishedCount
356,ResolveKeyType,12,20,uk.msgRemoteFinishedCount
357,FunctionalTest,12,20,uk.msgRemoteFinishedCount
358,CreateScalarTableForExport,12,20,uk.msgRemoteFinishedCount
359,ExportTable,12,20,uk.msgRemoteFinishedCount
360,Multi-nodeOperationBarrier,12,20,uk.msgRemoteFinishedCount
361,AggregateEvaluation,12,20,uk.msgRemoteFinishedCount
362,TestFunction1Immediate,12,20,uk.msgRemoteFinishedCount
363,TestFunction1NormalProcessing,12,20,uk.msgRemoteFinishedCount
364,TestFunctionStressImmediate,12,20,uk.msgRemoteFinishedCount
365,TestFunctionStressNormalProcessing,12,20,uk.msgRemoteFinishedCount
366,TestBlobStreamer,12,20,uk.msgRemoteFinishedCount
367,LibNs,12,20,uk.msgRemoteFinishedCount
368,KvStoreUpdate,12,20,uk.msgRemoteFinishedCount
369,RetinaTemplate,12,20,uk.msgRemoteFinishedCount
370,Aggregate,12,20,uk.msgRemoteFinishedCount
371,MessageStream,12,20,uk.msgRemoteFinishedCount
372,GetRowNumber,12,20,uk.msgRemoteFinishedCount
373,CancelOperation,12,20,uk.msgRemoteFinishedCount
374,GetOperationStatus,12,20,uk.msgRemoteFinishedCount
375,CancelBatchQuery,12,20,uk.msgRemoteFinishedCount
376,DemystifyPage,12,20,uk.msgRemoteFinishedCount
377,ProcessScalarPage,12,20,uk.msgRemoteFinishedCount
378,IndexPage,12,20,uk.msgRemoteFinishedCount
379,GVM2Broadcast,12,20,uk.msgRemoteFinishedCount
380,SetConfig,12,20,uk.msgRemoteFinishedCount
381,DeleteBatchQuery,12,20,uk.msgRemoteFinishedCount
382,DatasetReference,12,20,uk.msgRemoteFinishedCount
383,LogLevelSet,12,20,uk.msgRemoteFinishedCount
384,DeserializeXdb,12,20,uk.msgRemoteFinishedCount
385,SerializeXdb,12,20,uk.msgRemoteFinishedCount
386,ResulSetNext,12,21,uk.msgRemoteErrorCount
387,GetDataUsingFtptr,12,21,uk.msgRemoteErrorCount
388,RPCStats,12,21,uk.msgRemoteErrorCount
389,MakeResultSet,12,21,uk.msgRemoteErrorCount
390,Filter,12,21,uk.msgRemoteErrorCount
391,GroupBy,12,21,uk.msgRemoteErrorCount
392,Join,12,21,uk.msgRemoteErrorCount
393,GetTableMeta,12,21,uk.msgRemoteErrorCount
394,ResultSetAbsoluteRow,12,21,uk.msgRemoteErrorCount
395,FreeResultSet,12,21,uk.msgRemoteErrorCount
396,RPCResetStats,12,21,uk.msgRemoteErrorCount
397,TableCreate,12,21,uk.msgRemoteErrorCount
398,Synthesize,12,21,uk.msgRemoteErrorCount
399,GetStatGroupMap,12,21,uk.msgRemoteErrorCount
400,GetKeysUsingFtptr,12,21,uk.msgRemoteErrorCount
401,Map,12,21,uk.msgRemoteErrorCount
402,Union,12,21,uk.msgRemoteErrorCount
403,Msg2pcXcalarApiTop,12,21,uk.msgRemoteErrorCount
404,XDFParallelOperation,12,21,uk.msgRemoteErrorCount
405,Project,12,21,uk.msgRemoteErrorCount
406,DropTable,12,21,uk.msgRemoteErrorCount
407,DeserializeXdbPages,12,21,uk.msgRemoteErrorCount
408,GetBatchDFGState,12,21,uk.msgRemoteErrorCount
409,TableCreationCompletion,12,21,uk.msgRemoteErrorCount
410,ResolveKeyType,12,21,uk.msgRemoteErrorCount
411,FunctionalTest,12,21,uk.msgRemoteErrorCount
412,CreateScalarTableForExport,12,21,uk.msgRemoteErrorCount
413,ExportTable,12,21,uk.msgRemoteErrorCount
414,Multi-nodeOperationBarrier,12,21,uk.msgRemoteErrorCount
415,AggregateEvaluation,12,21,uk.msgRemoteErrorCount
416,TestFunction1Immediate,12,21,uk.msgRemoteErrorCount
417,TestFunction1NormalProcessing,12,21,uk.msgRemoteErrorCount
418,TestFunctionStressImmediate,12,21,uk.msgRemoteErrorCount
419,TestFunctionStressNormalProcessing,12,21,uk.msgRemoteErrorCount
420,TestBlobStreamer,12,21,uk.msgRemoteErrorCount
421,LibNs,12,21,uk.msgRemoteErrorCount
422,KvStoreUpdate,12,21,uk.msgRemoteErrorCount
423,RetinaTemplate,12,21,uk.msgRemoteErrorCount
424,Aggregate,12,21,uk.msgRemoteErrorCount
425,MessageStream,12,21,uk.msgRemoteErrorCount
426,GetRowNumber,12,21,uk.msgRemoteErrorCount
427,CancelOperation,12,21,uk.msgRemoteErrorCount
428,GetOperationStatus,12,21,uk.msgRemoteErrorCount
429,CancelBatchQuery,12,21,uk.msgRemoteErrorCount
430,DemystifyPage,12,21,uk.msgRemoteErrorCount
431,ProcessScalarPage,12,21,uk.msgRemoteErrorCount
432,IndexPage,12,21,uk.msgRemoteErrorCount
433,GVM2Broadcast,12,21,uk.msgRemoteErrorCount
434,SetConfig,12,21,uk.msgRemoteErrorCount
435,DeleteBatchQuery,12,21,uk.msgRemoteErrorCount
436,DatasetReference,12,21,uk.msgRemoteErrorCount
437,LogLevelSet,12,21,uk.msgRemoteErrorCount
438,DeserializeXdb,12,21,uk.msgRemoteErrorCount
439,SerializeXdb,12,21,uk.msgRemoteErrorCount
440,cumlStreamAdded,12,22,msg.stream
441,cumlStreamAddErr,12,22,msg.stream
442,cumlStreamRemoved,12,22,msg.stream
443,cumlStreamRemoveErr,12,22,msg.stream
444,cumlStreamSentPayload,12,22,msg.stream
445,cumlStreamSendPayloadErr,12,22,msg.stream
446,onQueue,10,23,diskIo.workQueue
447,totalQueued,10,23,diskIo.workQueue
448,elemRun,10,23,diskIo.workQueue
449,runTime.average.numeratorUsec,10,23,diskIo.workQueue
450,runTime.average.denominatorUsec,10,23,diskIo.workQueue
451,dfGetFieldValuesFatptrCompletionCount,10,24,libds
452,dfGetFieldValuesFatptrCount,10,24,libds
453,openLogHandles,12,25,liblog
454,openLogHandlesMaxReached,12,25,liblog
455,logRecordReads,12,25,liblog
456,logRecordWrites,12,25,liblog
457,logHeadResets,12,25,liblog
458,failedLogRecordReads,12,25,liblog
459,failedLogRecordWrites,12,25,liblog
460,elemSizeBytes,12,26,xdb.local.bc
461,fastAllocs,12,26,xdb.local.bc
462,fastFrees,12,26,xdb.local.bc
463,slowAllocs,12,26,xdb.local.bc
464,slowFrees,12,26,xdb.local.bc
465,totMemBytes,12,26,xdb.local.bc
466,mlockChunk,12,26,xdb.local.bc
467,mlockChunkFailure,12,26,xdb.local.bc
468,elemSizeBytes,12,27,xdb.pagekvbuf.bc
469,fastAllocs,12,27,xdb.pagekvbuf.bc
470,fastFrees,12,27,xdb.pagekvbuf.bc
471,slowAllocs,12,27,xdb.pagekvbuf.bc
472,slowFrees,12,27,xdb.pagekvbuf.bc
473,totMemBytes,12,27,xdb.pagekvbuf.bc
474,mlockChunk,12,27,xdb.pagekvbuf.bc
475,mlockChunkFailure,12,27,xdb.pagekvbuf.bc
476,statNumSerializationFailures,12,28,XdbMgr
477,numSerializedPages,12,28,XdbMgr
478,numDeserializedPages,12,28,XdbMgr
479,numSerDesDroppedPages,12,28,XdbMgr
480,numSerializedBatches,12,28,XdbMgr
481,numDeserializedBatches,12,28,XdbMgr
482,numSerializedBytes,12,28,XdbMgr
483,numDeserializedBytes,12,28,XdbMgr
484,numSerDesDroppedBatches,12,28,XdbMgr
485,elemSizeBytes,12,29,transPage.source.bc
486,fastAllocs,12,29,transPage.source.bc
487,fastFrees,12,29,transPage.source.bc
488,slowAllocs,12,29,transPage.source.bc
489,slowFrees,12,29,transPage.source.bc
490,totMemBytes,12,29,transPage.source.bc
491,mlockChunk,12,29,transPage.source.bc
492,mlockChunkFailure,12,29,transPage.source.bc
493,elemSizeBytes,12,30,transPage.usrEph.bc
494,fastAllocs,12,30,transPage.usrEph.bc
495,fastFrees,12,30,transPage.usrEph.bc
496,slowAllocs,12,30,transPage.usrEph.bc
497,slowFrees,12,30,transPage.usrEph.bc
498,totMemBytes,12,30,transPage.usrEph.bc
499,mlockChunk,12,30,transPage.usrEph.bc
500,mlockChunkFailure,12,30,transPage.usrEph.bc
501,elemSizeBytes,12,31,transPage.serializationBuffers.bc
502,fastAllocs,12,31,transPage.serializationBuffers.bc
503,fastFrees,12,31,transPage.serializationBuffers.bc
504,slowAllocs,12,31,transPage.serializationBuffers.bc
505,slowFrees,12,31,transPage.serializationBuffers.bc
506,totMemBytes,12,31,transPage.serializationBuffers.bc
507,mlockChunk,12,31,transPage.serializationBuffers.bc
508,mlockChunkFailure,12,31,transPage.serializationBuffers.bc
509,statNumCompressBufferAllocFailed,12,32,TransPageMgr
510,statNumTransPagesShipped,12,32,TransPageMgr
511,statNumShipCompletionFailure,12,32,TransPageMgr
512,persist.success,12,33,kvstore
513,persist.failure,12,33,kvstore
514,written.count,12,34,Sessions
515,written.failures,12,34,Sessions
516,created.count,12,35,UserMgr
517,created.failures,12,35,UserMgr
518,deleted.count,12,35,UserMgr
519,deleted.failures,12,35,UserMgr
520,inacted.count,12,35,UserMgr
521,inacted.failures,12,35,UserMgr
522,acted.count,12,35,UserMgr
523,acted.failures,12,35,UserMgr
524,persist.count,12,35,UserMgr
525,persist.failures,12,35,UserMgr
526,rename.count,12,35,UserMgr
527,rename.failures,12,35,UserMgr
528,download.count,12,35,UserMgr
529,download.failures,12,35,UserMgr
530,upload.count,12,35,UserMgr
531,upload.failures,12,35,UserMgr
532,switch.count,12,35,UserMgr
533,switch.failures,12,35,UserMgr
534,elemSizeBytes,12,36,query.job.bc
535,fastAllocs,12,36,query.job.bc
536,fastFrees,12,36,query.job.bc
537,slowAllocs,12,36,query.job.bc
538,slowFrees,12,36,query.job.bc
539,totMemBytes,12,36,query.job.bc
540,mlockChunk,12,36,query.job.bc
541,mlockChunkFailure,12,36,query.job.bc
542,elemSizeBytes,12,37,query.jobTask.bc
543,fastAllocs,12,37,query.jobTask.bc
544,fastFrees,12,37,query.jobTask.bc
545,slowAllocs,12,37,query.jobTask.bc
546,slowFrees,12,37,query.jobTask.bc
547,totMemBytes,12,37,query.jobTask.bc
548,mlockChunk,12,37,query.jobTask.bc
549,mlockChunkFailure,12,37,query.jobTask.bc
550,elemSizeBytes,12,38,dht.bc
551,fastAllocs,12,38,dht.bc
552,fastFrees,12,38,dht.bc
553,slowAllocs,12,38,dht.bc
554,slowFrees,12,38,dht.bc
555,totMemBytes,12,38,dht.bc
556,mlockChunk,12,38,dht.bc
557,mlockChunkFailure,12,38,dht.bc
558,childnodes.terminated,12,39,libparent.parentStats
559,childnodes.created,12,39,libparent.parentStats
560,childnodes.waitingThreads,12,39,libparent.parentStats
561,childnodes.sigchldSignals,12,39,libparent.parentStats
562,childnodes.waitMilliseconds,12,39,libparent.parentStats
563,childnodes.waitCount,12,39,libparent.parentStats
564,indexDs,10,40,liboperators
565,OperationsSucceeded,12,40,liboperators
566,OperationsFailed,12,40,liboperators
567,OperationsOutstanding,12,40,liboperators
568,elemSizeBytes,12,41,operatorsWork.bc
569,fastAllocs,12,41,operatorsWork.bc
570,fastFrees,12,41,operatorsWork.bc
571,slowAllocs,12,41,operatorsWork.bc
572,slowFrees,12,41,operatorsWork.bc
573,totMemBytes,12,41,operatorsWork.bc
574,mlockChunk,12,41,operatorsWork.bc
575,mlockChunkFailure,12,41,operatorsWork.bc
576,elemSizeBytes,12,42,dagLib.dag.bc
577,fastAllocs,12,42,dagLib.dag.bc
578,fastFrees,12,42,dagLib.dag.bc
579,slowAllocs,12,42,dagLib.dag.bc
580,slowFrees,12,42,dagLib.dag.bc
581,totMemBytes,12,42,dagLib.dag.bc
582,mlockChunk,12,42,dagLib.dag.bc
583,mlockChunkFailure,12,42,dagLib.dag.bc
584,elemSizeBytes,12,43,dagLib.node.bc
585,fastAllocs,12,43,dagLib.node.bc
586,fastFrees,12,43,dagLib.node.bc
587,slowAllocs,12,43,dagLib.node.bc
588,slowFrees,12,43,dagLib.node.bc
589,totMemBytes,12,43,dagLib.node.bc
590,mlockChunk,12,43,dagLib.node.bc
591,mlockChunkFailure,12,43,dagLib.node.bc
592,elemSizeBytes,12,44,dagLib.node.idListElt.bc
593,fastAllocs,12,44,dagLib.node.idListElt.bc
594,fastFrees,12,44,dagLib.node.idListElt.bc
595,slowAllocs,12,44,dagLib.node.idListElt.bc
596,slowFrees,12,44,dagLib.node.idListElt.bc
597,totMemBytes,12,44,dagLib.node.idListElt.bc
598,mlockChunk,12,44,dagLib.node.idListElt.bc
599,mlockChunkFailure,12,44,dagLib.node.idListElt.bc
600,elemSizeBytes,12,45,dagLib.node.listElt.bc
601,fastAllocs,12,45,dagLib.node.listElt.bc
602,fastFrees,12,45,dagLib.node.listElt.bc
603,slowAllocs,12,45,dagLib.node.listElt.bc
604,slowFrees,12,45,dagLib.node.listElt.bc
605,totMemBytes,12,45,dagLib.node.listElt.bc
606,mlockChunk,12,45,dagLib.node.listElt.bc
607,mlockChunkFailure,12,45,dagLib.node.listElt.bc
608,elemSizeBytes,12,46,dagLib.node.clonedElt.bc
609,fastAllocs,12,46,dagLib.node.clonedElt.bc
610,fastFrees,12,46,dagLib.node.clonedElt.bc
611,slowAllocs,12,46,dagLib.node.clonedElt.bc
612,slowFrees,12,46,dagLib.node.clonedElt.bc
613,totMemBytes,12,46,dagLib.node.clonedElt.bc
614,mlockChunk,12,46,dagLib.node.clonedElt.bc
615,mlockChunkFailure,12,46,dagLib.node.clonedElt.bc
616,elemSizeBytes,12,47,retina.parameterHashEltByName.bc
617,fastAllocs,12,47,retina.parameterHashEltByName.bc
618,fastFrees,12,47,retina.parameterHashEltByName.bc
619,slowAllocs,12,47,retina.parameterHashEltByName.bc
620,slowFrees,12,47,retina.parameterHashEltByName.bc
621,totMemBytes,12,47,retina.parameterHashEltByName.bc
622,mlockChunk,12,47,retina.parameterHashEltByName.bc
623,mlockChunkFailure,12,47,retina.parameterHashEltByName.bc
624,elemSizeBytes,12,48,retina.retinaIdToTemplateHashElt.bc
625,fastAllocs,12,48,retina.retinaIdToTemplateHashElt.bc
626,fastFrees,12,48,retina.retinaIdToTemplateHashElt.bc
627,slowAllocs,12,48,retina.retinaIdToTemplateHashElt.bc
628,slowFrees,12,48,retina.retinaIdToTemplateHashElt.bc
629,totMemBytes,12,48,retina.retinaIdToTemplateHashElt.bc
630,mlockChunk,12,48,retina.retinaIdToTemplateHashElt.bc
631,mlockChunkFailure,12,48,retina.retinaIdToTemplateHashElt.bc
632,elemSizeBytes,12,49,optimizerQueryAnnotations.bc
633,fastAllocs,12,49,optimizerQueryAnnotations.bc
634,fastFrees,12,49,optimizerQueryAnnotations.bc
635,slowAllocs,12,49,optimizerQueryAnnotations.bc
636,slowFrees,12,49,optimizerQueryAnnotations.bc
637,totMemBytes,12,49,optimizerQueryAnnotations.bc
638,mlockChunk,12,49,optimizerQueryAnnotations.bc
639,mlockChunkFailure,12,49,optimizerQueryAnnotations.bc
640,elemSizeBytes,12,50,optimizerQueryFieldsElt.bc
641,fastAllocs,12,50,optimizerQueryFieldsElt.bc
642,fastFrees,12,50,optimizerQueryFieldsElt.bc
643,slowAllocs,12,50,optimizerQueryFieldsElt.bc
644,slowFrees,12,50,optimizerQueryFieldsElt.bc
645,totMemBytes,12,50,optimizerQueryFieldsElt.bc
646,mlockChunk,12,50,optimizerQueryFieldsElt.bc
647,mlockChunkFailure,12,50,optimizerQueryFieldsElt.bc
648,elemSizeBytes,12,51,queryEvalRunning.bc
649,fastAllocs,12,51,queryEvalRunning.bc
650,fastFrees,12,51,queryEvalRunning.bc
651,slowAllocs,12,51,queryEvalRunning.bc
652,slowFrees,12,51,queryEvalRunning.bc
653,totMemBytes,12,51,queryEvalRunning.bc
654,mlockChunk,12,51,queryEvalRunning.bc
655,mlockChunkFailure,12,51,queryEvalRunning.bc
656,elemSizeBytes,12,52,queryEvalRunnable.bc
657,fastAllocs,12,52,queryEvalRunnable.bc
658,fastFrees,12,52,queryEvalRunnable.bc
659,slowAllocs,12,52,queryEvalRunnable.bc
660,slowFrees,12,52,queryEvalRunnable.bc
661,totMemBytes,12,52,queryEvalRunnable.bc
662,mlockChunk,12,52,queryEvalRunnable.bc
663,mlockChunkFailure,12,52,queryEvalRunnable.bc
664,elemSizeBytes,12,53,queryEvalCompleted.bc
665,fastAllocs,12,53,queryEvalCompleted.bc
666,fastFrees,12,53,queryEvalCompleted.bc
667,slowAllocs,12,53,queryEvalCompleted.bc
668,slowFrees,12,53,queryEvalCompleted.bc
669,totMemBytes,12,53,queryEvalCompleted.bc
670,mlockChunk,12,53,queryEvalCompleted.bc
671,mlockChunkFailure,12,53,queryEvalCompleted.bc
672,TotalUDFModules,12,54,libudf
673,bcStress.bcTestCurIter,12,55,bcstress
674,bcStress.bcQuotaTestCurIter,12,55,bcstress
675,bcStress.mallocTestCurIter,12,55,bcstress
676,bcStress.lookasideTestCurIter,12,55,bcstress
677,app.count,12,56,libapp
678,appGroup.count,12,56,libapp
679,appInstance.count,12,56,libapp
680,appInstance.countStartFail,12,56,libapp
681,appInstance.countStartSuccess,12,56,libapp
682,appInstance.msecsLastStartFail,12,56,libapp
683,appInstance.msecsLastStartSuccess,12,56,libapp
684,appInstance.countAppWaitForResultTimeout,12,56,libapp
685,appGroup.appGroupAbort,12,56,libapp
686,appInstance.appInstanceAbort,12,56,libapp
687,appInstance.appInstanceAbortBarrier,12,56,libapp
688,appInstance.appInstanceStartPending,12,56,libapp
689,elemSizeBytes,12,57,localmsg.bc.smallmsg
690,fastAllocs,12,57,localmsg.bc.smallmsg
691,fastFrees,12,57,localmsg.bc.smallmsg
692,slowAllocs,12,57,localmsg.bc.smallmsg
693,slowFrees,12,57,localmsg.bc.smallmsg
694,totMemBytes,12,57,localmsg.bc.smallmsg
695,mlockChunk,12,57,localmsg.bc.smallmsg
696,mlockChunkFailure,12,57,localmsg.bc.smallmsg
697,elemSizeBytes,12,58,localmsg.bc.requestHandler
698,fastAllocs,12,58,localmsg.bc.requestHandler
699,fastFrees,12,58,localmsg.bc.requestHandler
700,slowAllocs,12,58,localmsg.bc.requestHandler
701,slowFrees,12,58,localmsg.bc.requestHandler
702,totMemBytes,12,58,localmsg.bc.requestHandler
703,mlockChunk,12,58,localmsg.bc.requestHandler
704,mlockChunkFailure,12,58,localmsg.bc.requestHandler
705,elemSizeBytes,12,59,localmsg.bc.response
706,fastAllocs,12,59,localmsg.bc.response
707,fastFrees,12,59,localmsg.bc.response
708,slowAllocs,12,59,localmsg.bc.response
709,slowFrees,12,59,localmsg.bc.response
710,totMemBytes,12,59,localmsg.bc.response
711,mlockChunk,12,59,localmsg.bc.response
712,mlockChunkFailure,12,59,localmsg.bc.response
713,localMsg.handleIncomingPollError,12,60,localMsg
714,localMsg.handleIncomingTcpError,12,60,localMsg
715,localMsg.handleIncomingConnReset,12,60,localMsg
716,localMsg.handleIncomingRecvError,12,60,localMsg
717,localMsg.handleIncomingTermConn,12,60,localMsg
718,localMsg.receiveSocketError,12,60,localMsg
719,localMsg.receiveParseError,12,60,localMsg
720,localMsg.receiveUnknownConn,12,60,localMsg
721,localMsg.receiveResponseError,12,60,localMsg
722,localMsg.localReqHandlerConnErr,12,60,localMsg
723,localMsg.localReqHandlerUnknownHandler,12,60,localMsg
724,localMsg.localReqHandlerResponseErr,12,60,localMsg
725,localMsg.localMsgDisconnect,12,60,localMsg
726,localMsg.localMsgSendErr,12,60,localMsg
727,localMsg.localConnReset,12,60,localMsg
728,localMsg.localConnFatalErr,12,60,localMsg
729,ApisWorkOutstanding,12,61,apis
730,ApisWorkImmedOutstanding,12,61,apis
731,ApisWorkFailedInsufficientMem,12,61,apis
732,ApisWorkFailedTooManyOutstanding,12,61,apis
733,ApisWorkFailedTooManyImmediates,12,61,apis
734,ApisDeepestImmediateQueue,12,61,apis
735,ApisStatScheduledOnRuntime,12,61,apis
736,ApiStatTotalRunInline,12,61,apis
737,XcalarApiUnknown,12,61,apis
738,XcalarApiUnknown,12,61,apis
739,XcalarApiGetVersion,12,61,apis
740,XcalarApiGetVersion,12,61,apis
741,XcalarApiBulkLoad,12,61,apis
742,XcalarApiBulkLoad,12,61,apis
743,XcalarApiIndex,12,61,apis
744,XcalarApiIndex,12,61,apis
745,XcalarApiGetTableMeta,12,61,apis
746,XcalarApiGetTableMeta,12,61,apis
747,XcalarApiShutdown,12,61,apis
748,XcalarApiShutdown,12,61,apis
749,XcalarApiGetStat,12,61,apis
750,XcalarApiGetStat,12,61,apis
751,XcalarApiGetStatByGroupId,12,61,apis
752,XcalarApiGetStatByGroupId,12,61,apis
753,XcalarApiResetStat,12,61,apis
754,XcalarApiResetStat,12,61,apis
755,XcalarApiGetStatGroupIdMap,12,61,apis
756,XcalarApiGetStatGroupIdMap,12,61,apis
757,XcalarApiListDagNodeInfo,12,61,apis
758,XcalarApiListDagNodeInfo,12,61,apis
759,XcalarApiListDatasets,12,61,apis
760,XcalarApiListDatasets,12,61,apis
761,XcalarApiShutdownLocal,12,61,apis
762,XcalarApiShutdownLocal,12,61,apis
763,XcalarApiMakeResultSet,12,61,apis
764,XcalarApiMakeResultSet,12,61,apis
765,XcalarApiResultSetNext,12,61,apis
766,XcalarApiResultSetNext,12,61,apis
767,XcalarApiJoin,12,61,apis
768,XcalarApiJoin,12,61,apis
769,XcalarApiProject,12,61,apis
770,XcalarApiProject,12,61,apis
771,XcalarApiGetRowNum,12,61,apis
772,XcalarApiGetRowNum,12,61,apis
773,XcalarApiFilter,12,61,apis
774,XcalarApiFilter,12,61,apis
775,XcalarApiGroupBy,12,61,apis
776,XcalarApiGroupBy,12,61,apis
777,XcalarApiResultSetAbsolute,12,61,apis
778,XcalarApiResultSetAbsolute,12,61,apis
779,XcalarApiFreeResultSet,12,61,apis
780,XcalarApiFreeResultSet,12,61,apis
781,XcalarApiDeleteObjects,12,61,apis
782,XcalarApiDeleteObjects,12,61,apis
783,XcalarApiGetTableRefCount,12,61,apis
784,XcalarApiGetTableRefCount,12,61,apis
785,XcalarApiMap,12,61,apis
786,XcalarApiMap,12,61,apis
787,XcalarApiAggregate,12,61,apis
788,XcalarApiAggregate,12,61,apis
789,XcalarApiQuery,12,61,apis
790,XcalarApiQuery,12,61,apis
791,XcalarApiQueryState,12,61,apis
792,XcalarApiQueryState,12,61,apis
793,XcalarApiQueryCancel,12,61,apis
794,XcalarApiQueryCancel,12,61,apis
795,XcalarApiQueryDelete,12,61,apis
796,XcalarApiQueryDelete,12,61,apis
797,XcalarApiAddExportTarget,12,61,apis
798,XcalarApiAddExportTarget,12,61,apis
799,XcalarApiRemoveExportTarget,12,61,apis
800,XcalarApiRemoveExportTarget,12,61,apis
801,XcalarApiListExportTargets,12,61,apis
802,XcalarApiListExportTargets,12,61,apis
803,XcalarApiExport,12,61,apis
804,XcalarApiExport,12,61,apis
805,XcalarApiGetDag,12,61,apis
806,XcalarApiGetDag,12,61,apis
807,XcalarApiListFiles,12,61,apis
808,XcalarApiListFiles,12,61,apis
809,XcalarApiStartNodes,12,61,apis
810,XcalarApiStartNodes,12,61,apis
811,XcalarApiMakeRetina,12,61,apis
812,XcalarApiMakeRetina,12,61,apis
813,XcalarApiListRetinas,12,61,apis
814,XcalarApiListRetinas,12,61,apis
815,XcalarApiGetRetina,12,61,apis
816,XcalarApiGetRetina,12,61,apis
817,XcalarApiDeleteRetina,12,61,apis
818,XcalarApiDeleteRetina,12,61,apis
819,XcalarApiUpdateRetina,12,61,apis
820,XcalarApiUpdateRetina,12,61,apis
821,XcalarApiListParametersInRetina,12,61,apis
822,XcalarApiListParametersInRetina,12,61,apis
823,XcalarApiExecuteRetina,12,61,apis
824,XcalarApiExecuteRetina,12,61,apis
825,XcalarApiImportRetina,12,61,apis
826,XcalarApiImportRetina,12,61,apis
827,XcalarApiKeyLookup,12,61,apis
828,XcalarApiKeyLookup,12,61,apis
829,XcalarApiKeyAddOrReplace,12,61,apis
830,XcalarApiKeyAddOrReplace,12,61,apis
831,XcalarApiKeyDelete,12,61,apis
832,XcalarApiKeyDelete,12,61,apis
833,XcalarApiGetNumNodes,12,61,apis
834,XcalarApiGetNumNodes,12,61,apis
835,XcalarApiTop,12,61,apis
836,XcalarApiTop,12,61,apis
837,XcalarApiMemory,12,61,apis
838,XcalarApiMemory,12,61,apis
839,XcalarApiListXdfs,12,61,apis
840,XcalarApiListXdfs,12,61,apis
841,XcalarApiRenameNode,12,61,apis
842,XcalarApiRenameNode,12,61,apis
843,XcalarApiSessionNew,12,61,apis
844,XcalarApiSessionNew,12,61,apis
845,XcalarApiSessionList,12,61,apis
846,XcalarApiSessionList,12,61,apis
847,XcalarApiSessionRename,12,61,apis
848,XcalarApiSessionRename,12,61,apis
849,XcalarApiSessionSwitch,12,61,apis
850,XcalarApiSessionSwitch,12,61,apis
851,XcalarApiSessionDelete,12,61,apis
852,XcalarApiSessionDelete,12,61,apis
853,XcalarApiSessionInfo,12,61,apis
854,XcalarApiSessionInfo,12,61,apis
855,XcalarApiSessionInact,12,61,apis
856,XcalarApiSessionInact,12,61,apis
857,XcalarApiSessionPersist,12,61,apis
858,XcalarApiSessionPersist,12,61,apis
859,XcalarApiGetQuery,12,61,apis
860,XcalarApiGetQuery,12,61,apis
861,XcalarApiCreateDht,12,61,apis
862,XcalarApiCreateDht,12,61,apis
863,XcalarApiKeyAppend,12,61,apis
864,XcalarApiKeyAppend,12,61,apis
865,XcalarApiKeySetIfEqual,12,61,apis
866,XcalarApiKeySetIfEqual,12,61,apis
867,XcalarApiDeleteDht,12,61,apis
868,XcalarApiDeleteDht,12,61,apis
869,XcalarApiSupportGenerate,12,61,apis
870,XcalarApiSupportGenerate,12,61,apis
871,XcalarApiUdfAdd,12,61,apis
872,XcalarApiUdfAdd,12,61,apis
873,XcalarApiUdfUpdate,12,61,apis
874,XcalarApiUdfUpdate,12,61,apis
875,XcalarApiUdfGet,12,61,apis
876,XcalarApiUdfGet,12,61,apis
877,XcalarApiUdfDelete,12,61,apis
878,XcalarApiUdfDelete,12,61,apis
879,XcalarApiCancelOp,12,61,apis
880,XcalarApiCancelOp,12,61,apis
881,XcalarApiGetPerNodeOpStats,12,61,apis
882,XcalarApiGetPerNodeOpStats,12,61,apis
883,XcalarApiGetOpStats,12,61,apis
884,XcalarApiGetOpStats,12,61,apis
885,XcalarApiErrorpointSet,12,61,apis
886,XcalarApiErrorpointSet,12,61,apis
887,XcalarApiErrorpointList,12,61,apis
888,XcalarApiErrorpointList,12,61,apis
889,XcalarApiPreview,12,61,apis
890,XcalarApiPreview,12,61,apis
891,XcalarApiExportRetina,12,61,apis
892,XcalarApiExportRetina,12,61,apis
893,XcalarApiStartFuncTests,12,61,apis
894,XcalarApiStartFuncTests,12,61,apis
895,XcalarApiListFuncTests,12,61,apis
896,XcalarApiListFuncTests,12,61,apis
897,XcalarApiDeleteDatasets,12,61,apis
898,XcalarApiDeleteDatasets,12,61,apis
899,XcalarApiGetConfigParams,12,61,apis
900,XcalarApiGetConfigParams,12,61,apis
901,XcalarApiSetConfigParam,12,61,apis
902,XcalarApiSetConfigParam,12,61,apis
903,XcalarApiAppSet,12,61,apis
904,XcalarApiAppSet,12,61,apis
905,XcalarApiGetLicense,12,61,apis
906,XcalarApiGetLicense,12,61,apis
907,XcalarApiAppRun,12,61,apis
908,XcalarApiAppRun,12,61,apis
909,XcalarApiAppReap,12,61,apis
910,XcalarApiAppReap,12,61,apis
911,XcalarApiDemoFile,12,61,apis
912,XcalarApiDemoFile,12,61,apis
913,XcalarApiUpdateLicense,12,61,apis
914,XcalarApiUpdateLicense,12,61,apis
915,XcalarApiListFuncTest,12,61,apis
916,XcalarApiListFuncTest,12,61,apis
917,XcalarApiQueryName,12,61,apis
918,XcalarApiQueryName,12,61,apis
919,XcalarApiStartFuncTest,12,61,apis
920,XcalarApiStartFuncTest,12,61,apis
921,XcalarApiStat,12,61,apis
922,XcalarApiStat,12,61,apis
923,XcalarApiStatByGroupId,12,61,apis
924,XcalarApiStatByGroupId,12,61,apis
925,XcalarApiTable,12,61,apis
926,XcalarApiTable,12,61,apis
927,XcalarStressSetKeyType,12,61,apis
928,XcalarStressSetKeyType,12,61,apis
929,XcalarApiDagTableName,12,61,apis
930,XcalarApiDagTableName,12,61,apis
931,XcalarApiLicenseUpdate,12,61,apis
932,XcalarApiLicenseUpdate,12,61,apis
933,XcalarApiSessionListScalar,12,61,apis
934,XcalarApiSessionListScalar,12,61,apis
935,XcalarApiSessionListArray,12,61,apis
936,XcalarApiSessionListArray,12,61,apis
937,XcalarApiExExportTarget,12,61,apis
938,XcalarApiExExportTarget,12,61,apis
939,XcalarApiExExportTargetHdr,12,61,apis
940,XcalarApiExExportTargetHdr,12,61,apis
941,XcalarApiPacked,12,61,apis
942,XcalarApiPacked,12,61,apis
943,XcalarApiDagNodeNamePattern,12,61,apis
944,XcalarApiDagNodeNamePattern,12,61,apis
945,XcalarApiDagNodeNamePatternDelete,12,61,apis
946,XcalarApiDagNodeNamePatternDelete,12,61,apis
947,XcalarApiAddParameterToRetina,12,61,apis
948,XcalarApiAddParameterToRetina,12,61,apis
949,XcalarApiGetMemoryUsage,12,61,apis
950,XcalarApiGetMemoryUsage,12,61,apis
951,XcalarApiLogLevelSet,12,61,apis
952,XcalarApiLogLevelSet,12,61,apis
953,XcalarApiUpdateRetinaExport,12,61,apis
954,XcalarApiUpdateRetinaExport,12,61,apis
955,XcalarApiGetIpAddr,12,61,apis
956,XcalarApiGetIpAddr,12,61,apis
957,XcalarApiTagDagNodes,12,61,apis
958,XcalarApiTagDagNodes,12,61,apis
959,XcalarApiCommentDagNodes,12,61,apis
960,XcalarApiCommentDagNodes,12,61,apis
961,XcalarApiListDatasetUsers,12,61,apis
962,XcalarApiListDatasetUsers,12,61,apis
963,XcalarApiLogLevelGet,12,61,apis
964,XcalarApiLogLevelGet,12,61,apis
965,XcalarApiLockDataset,12,61,apis
966,XcalarApiLockDataset,12,61,apis
967,XcalarApiPerNodeTop,12,61,apis
968,XcalarApiPerNodeTop,12,61,apis
969,XcalarApiKeyList,12,61,apis
970,XcalarApiKeyList,12,61,apis
971,XcalarApiGetCurrentXemConfig,12,61,apis
972,XcalarApiGetCurrentXemConfig,12,61,apis
973,XcalarApiListUserDatasets,12,61,apis
974,XcalarApiListUserDatasets,12,61,apis
975,XcalarApiUnion,12,61,apis
976,XcalarApiUnion,12,61,apis
977,XcalarApiTarget,12,61,apis
978,XcalarApiTarget,12,61,apis
979,XcalarApiSynthesize,12,61,apis
980,XcalarApiSynthesize,12,61,apis
981,XcalarApiGetRetinaJson,12,61,apis
982,XcalarApiGetRetinaJson,12,61,apis
983,XcalarApiGetDatasetsInfo,12,61,apis
984,XcalarApiGetDatasetsInfo,12,61,apis
985,XcalarApiArchiveTables,12,61,apis
986,XcalarApiArchiveTables,12,61,apis
987,XcalarApiSessionDownload,12,61,apis
988,XcalarApiSessionDownload,12,61,apis
989,XcalarApiSessionUpload,12,61,apis
990,XcalarApiSessionUpload,12,61,apis
991,XcalarApiPublish,12,61,apis
992,XcalarApiPublish,12,61,apis
993,XcalarApiUpdate,12,61,apis
994,XcalarApiUpdate,12,61,apis
995,XcalarApiSelect,12,61,apis
996,XcalarApiSelect,12,61,apis
997,XcalarApiUnpublish,12,61,apis
998,XcalarApiUnpublish,12,61,apis
999,XcalarApiListTables,12,61,apis
1000,XcalarApiListTables,12,61,apis
1001,XcalarApiRestoreTable,12,61,apis
1002,XcalarApiRestoreTable,12,61,apis
1003,XcalarApiCoalesce,12,61,apis
1004,XcalarApiCoalesce,12,61,apis
1005,XcalarApiFunctionInvalid,12,61,apis
1006,XcalarApiFunctionInvalid,12,61,apis
1007,elemSizeBytes,12,62,xcalarApis.bc
1008,fastAllocs,12,62,xcalarApis.bc
1009,fastFrees,12,62,xcalarApis.bc
1010,slowAllocs,12,62,xcalarApis.bc
1011,slowFrees,12,62,xcalarApis.bc
1012,totMemBytes,12,62,xcalarApis.bc
1013,mlockChunk,12,62,xcalarApis.bc
1014,mlockChunkFailure,12,62,xcalarApis.bc
1015,elemSizeBytes,12,63,apisRecv.immediates.bc
1016,fastAllocs,12,63,apisRecv.immediates.bc
1017,fastFrees,12,63,apisRecv.immediates.bc
1018,slowAllocs,12,63,apisRecv.immediates.bc
1019,slowFrees,12,63,apisRecv.immediates.bc
1020,totMemBytes,12,63,apisRecv.immediates.bc
1021,mlockChunk,12,63,apisRecv.immediates.bc
1022,mlockChunkFailure,12,63,apisRecv.immediates.bc
